UPDATE `users` AS `a`,`user_login` AS `b` SET `a`.`first_name` = 'Mughl2', `a`.`email` = '', `a`.`last_name` = 'mk', `b`.`username` = '',`a`.`logo` = '' WHERE `a`.`user_id` = 'bd1911dbb017a201d471' AND `a`.`user_id` = `b`.`user_id`;
INSERT INTO `user_login` (`user_id`, `user_type`, `status`, `username`, `password`) VALUES ('200d5643592e2946b43b', 1, 1, 'mkmughal001@gmail.com', 'e10adc3949ba59abbe56e057f20f883e');
INSERT INTO `users` (`user_id`, `first_name`, `last_name`, `phone`, `email`, `address`, `status`, `AddressId`, `address_details`, `is_promotion`) VALUES ('200d5643592e2946b43b', 'kasdfhi', 'mughal', '+449937338737', 'mkmughal001@gmail.com', 'asldkf', 1, 0, '', 1);
INSERT INTO `grocery_user_address` (`Address`, `zip_code`, `town`, `city`, `UserId`, `Status`) VALUES ('asldkf', 'lsdkf', 'lskdf', 'lkasdf', '200d5643592e2946b43b', 1);
UPDATE `users` AS `a`,`user_login` AS `b` SET `a`.`first_name` = 'kashif', `a`.`email` = '', `a`.`last_name` = 'mughal', `b`.`username` = '',`a`.`logo` = '' WHERE `a`.`user_id` = '200d5643592e2946b43b' AND `a`.`user_id` = `b`.`user_id`;
INSERT INTO `user_login` (`user_id`, `user_type`, `status`, `username`, `password`) VALUES ('25d1b9bb187bdda302f9', 1, 1, 'mkmughal001@gmail.com', 'e10adc3949ba59abbe56e057f20f883e');
INSERT INTO `users` (`user_id`, `first_name`, `last_name`, `phone`, `email`, `address`, `status`, `AddressId`, `address_details`, `is_promotion`) VALUES ('25d1b9bb187bdda302f9', 'sd', 'sdf', '+444543232342', 'mkmughal001@gmail.com', 'sdf', 1, 0, '', 1);
INSERT INTO `grocery_user_address` (`Address`, `zip_code`, `town`, `city`, `UserId`, `Status`) VALUES ('sdf', 'sdf', 'sfd', 'sdf', '25d1b9bb187bdda302f9', 1);
UPDATE `users` AS `a`,`user_login` AS `b` SET `a`.`first_name` = 'kashif', `a`.`email` = 'mkmughal001@gmail.com', `a`.`last_name` = 'mughal', `b`.`username` = 'mkmughal001@gmail.com',`a`.`logo` = '' WHERE `a`.`user_id` = '25d1b9bb187bdda302f9' AND `a`.`user_id` = `b`.`user_id`;
INSERT INTO `user_login` (`user_id`, `user_type`, `status`, `username`, `password`) VALUES ('caa0e18c6d8dc6ab8f47', 1, 1, 'Qari@9oclockshop.co.uk', 'e10adc3949ba59abbe56e057f20f883e');
INSERT INTO `users` (`user_id`, `first_name`, `last_name`, `phone`, `email`, `address`, `status`, `AddressId`, `address_details`, `is_promotion`) VALUES ('caa0e18c6d8dc6ab8f47', 'Qari', '--', '+443333333333', 'Qari@9oclockshop.co.uk', 'abcd', 1, 0, '', 1);
INSERT INTO `grocery_user_address` (`Address`, `zip_code`, `town`, `city`, `UserId`, `Status`) VALUES ('abcd', 'GN1', 'ab2', 'ab3', 'caa0e18c6d8dc6ab8f47', 1);
INSERT INTO `grocery_otp` (`email_address`, `code`, `expiry_date`, `verified`) VALUES ('Qari@9oclockshop.co.uk', 9491, '2021-11-04 15:52:09', 0);
UPDATE `grocery_otp` SET `verified` = 1, `verified_on` = '2021-11-04 15:45:40'
WHERE `email_address` = 'Qari@9oclockshop.co.uk';
INSERT INTO `grocery_brand` (`BrandName`, `Alias`, `CreatedOn`, `Status`) VALUES ('Galaxy', 'Galaxy', '2021-11-06 14:06:26', 1);
INSERT INTO `grocery_brand` (`BrandName`, `Alias`, `CreatedOn`, `Status`) VALUES ('Galaxy2', 'Galaxy2', '2021-11-06 14:06:33', 1);
UPDATE `users` AS `a`,`user_login` AS `b` SET `a`.`first_name` = 'Qari', `a`.`email` = 'Qari@9oclockshop.co.uk', `a`.`last_name` = 'jee', `b`.`username` = 'Qari@9oclockshop.co.uk',`a`.`logo` = '' WHERE `a`.`user_id` = 'caa0e18c6d8dc6ab8f47' AND `a`.`user_id` = `b`.`user_id`;
INSERT INTO `grocery_order` (`CustomerId`, `GUID`, `OrderValue`, `Hash`, `CreatedOn`, `DeliveryDate`, `DeliveryFrom`, `DeliveryUpto`, `DeliveryAddress`, `deliveryCharges`, `Status`) VALUES ('caa0e18c6d8dc6ab8f47', '919b21b3-ce19-4964-9a0c-f2392884e7f8', 1, 'ad48f1093f24e4060e24168c8876c2508a703d2a', '2021-11-07 19:05:26', '2021-11-07', '2021-11-07 10:00:00', '2021-11-07 12:00:00', '122', '1', 1);
INSERT INTO `grocery_order_detail` (`OrderId`, `ItemId`, `ItemQuantity`, `SoldPrice`, `CreatedOn`, `Status`) VALUES (265, '774', 1, '1', '2021-11-07 19:05:26', 1);
INSERT INTO `grocery_order` (`CustomerId`, `GUID`, `OrderValue`, `Hash`, `CreatedOn`, `DeliveryDate`, `DeliveryFrom`, `DeliveryUpto`, `DeliveryAddress`, `deliveryCharges`, `Status`) VALUES ('25d1b9bb187bdda302f9', '4fd11cde-1dc8-466d-a15b-91d9a72f1b08', 1, 'ad48f1093f24e4060e24168c8876c2508a703d2a', '2021-11-07 19:07:24', '2021-11-08', '2021-11-08 10:00:00', '2021-11-08 12:00:00', '121', '1', 1);
INSERT INTO `grocery_order_detail` (`OrderId`, `ItemId`, `ItemQuantity`, `SoldPrice`, `CreatedOn`, `Status`) VALUES (266, '774', 1, '1', '2021-11-07 19:07:25', 1);
INSERT INTO `grocery_order` (`CustomerId`, `GUID`, `OrderValue`, `Hash`, `CreatedOn`, `DeliveryDate`, `DeliveryFrom`, `DeliveryUpto`, `DeliveryAddress`, `deliveryCharges`, `Status`) VALUES ('25d1b9bb187bdda302f9', '8b07d3ed-02b5-4e5b-ba82-205a5704f278', 51, 'f7c8aa0aeb307ec339d7a249f589289c94c7fcaa', '2021-11-07 19:09:40', '2021-11-07', '2021-11-07 10:00:00', '2021-11-07 12:00:00', '121', 0, 1);
INSERT INTO `grocery_order_detail` (`OrderId`, `ItemId`, `ItemQuantity`, `SoldPrice`, `CreatedOn`, `Status`) VALUES (267, '774', 51, '1', '2021-11-07 19:09:40', 1);
INSERT INTO `grocery_order` (`CustomerId`, `GUID`, `OrderValue`, `Hash`, `CreatedOn`, `DeliveryDate`, `DeliveryFrom`, `DeliveryUpto`, `DeliveryAddress`, `deliveryCharges`, `Status`) VALUES ('25d1b9bb187bdda302f9', '71c72018-4ae5-4010-a8a0-d1ff8a7b2cd3', 2, '944ae9d40791a6003486436ffaed70fe497fd17b', '2021-11-07 19:20:45', '2021-11-07', '2021-11-07 10:00:00', '2021-11-07 12:00:00', '121', '1', 1);
INSERT INTO `grocery_order_detail` (`OrderId`, `ItemId`, `ItemQuantity`, `SoldPrice`, `CreatedOn`, `Status`) VALUES (268, '257', 1, '1', '2021-11-07 19:20:45', 1);
INSERT INTO `grocery_order_detail` (`OrderId`, `ItemId`, `ItemQuantity`, `SoldPrice`, `CreatedOn`, `Status`) VALUES (268, '261', 1, '1', '2021-11-07 19:20:45', 1);
INSERT INTO `grocery_order` (`CustomerId`, `GUID`, `OrderValue`, `Hash`, `CreatedOn`, `DeliveryDate`, `DeliveryFrom`, `DeliveryUpto`, `DeliveryAddress`, `deliveryCharges`, `Status`) VALUES ('25d1b9bb187bdda302f9', 'ab168994-414f-4a74-9eee-5af1dfca2791', 5.62, '10605846d3bbb0957efc9154bb7b143cfeac1964', '2021-11-07 19:23:22', '2021-11-07', '2021-11-07 16:00:00', '2021-11-07 18:00:00', '121', '1', 1);
INSERT INTO `grocery_order_detail` (`OrderId`, `ItemId`, `ItemQuantity`, `SoldPrice`, `CreatedOn`, `Status`) VALUES (269, '830', 1, '0.99', '2021-11-07 19:23:22', 1);
INSERT INTO `grocery_order_detail` (`OrderId`, `ItemId`, `ItemQuantity`, `SoldPrice`, `CreatedOn`, `Status`) VALUES (269, '836', 1, '0.25', '2021-11-07 19:23:22', 1);
INSERT INTO `grocery_order_detail` (`OrderId`, `ItemId`, `ItemQuantity`, `SoldPrice`, `CreatedOn`, `Status`) VALUES (269, '2560', 1, '2.99', '2021-11-07 19:23:22', 1);
INSERT INTO `grocery_order_detail` (`OrderId`, `ItemId`, `ItemQuantity`, `SoldPrice`, `CreatedOn`, `Status`) VALUES (269, '4355', 1, '1.39', '2021-11-07 19:23:22', 1);
INSERT INTO `grocery_order` (`CustomerId`, `GUID`, `OrderValue`, `Hash`, `CreatedOn`, `DeliveryDate`, `DeliveryFrom`, `DeliveryUpto`, `DeliveryAddress`, `deliveryCharges`, `Status`) VALUES ('25d1b9bb187bdda302f9', '9e7a0717-e91e-4a1f-90bf-f3c3a4912a10', 6.61, '95f095477e06791dc3857d855e9ccae0d1b06e1b', '2021-11-07 19:28:10', '2021-11-08', '2021-11-08 20:00:00', '2021-11-08 22:00:00', '121', '1', 1);
INSERT INTO `grocery_order_detail` (`OrderId`, `ItemId`, `ItemQuantity`, `SoldPrice`, `CreatedOn`, `Status`) VALUES (270, '830', 2, '0.99', '2021-11-07 19:28:10', 1);
INSERT INTO `grocery_order_detail` (`OrderId`, `ItemId`, `ItemQuantity`, `SoldPrice`, `CreatedOn`, `Status`) VALUES (270, '836', 1, '0.25', '2021-11-07 19:28:10', 1);
INSERT INTO `grocery_order_detail` (`OrderId`, `ItemId`, `ItemQuantity`, `SoldPrice`, `CreatedOn`, `Status`) VALUES (270, '2560', 1, '2.99', '2021-11-07 19:28:10', 1);
INSERT INTO `grocery_order_detail` (`OrderId`, `ItemId`, `ItemQuantity`, `SoldPrice`, `CreatedOn`, `Status`) VALUES (270, '4355', 1, '1.39', '2021-11-07 19:28:10', 1);
